  3.85, 10.35, -1.43, -2.37,  0.94,  7.65,  6.04, -1.35
  3.74, 10.08, -3.13, -0.27,  0.88,  8.07,  5.33, -1.52
  3.68,  9.69, -3.42,  1.91,  1.99,  8.38,  4.41, -1.62
  3.61,  9.37, -2.68,  3.47,  4.05,  8.60,  2.82, -1.50
  3.50,  9.16, -1.40,  4.25,  6.29,  8.05,  0.59, -0.94
  3.65,  9.06, -0.05,  4.53,  7.95,  6.36, -1.51,  0.05
  4.32,  8.95,  1.03,  4.65,  8.75,  3.76, -2.64,  0.95
  5.30,  8.93,  1.66,  4.80,  8.87,  0.93, -2.47,  1.32
  6.24,  9.10,  1.85,  5.04,  8.35, -1.36, -1.26,  1.39
  7.14,  9.04,  1.68,  5.25,  7.37, -2.62,  0.36,  1.79
  8.12,  8.53,  1.17,  5.38,  6.33, -2.93,  1.77,  2.88
  9.16,  7.26,  0.44,  5.58,  5.65, -2.71,  2.68,  4.52
  9.94,  4.80, -0.11,  5.84,  5.12, -2.39,  3.11,  6.43
  9.68,  1.47, -0.04,  6.07,  4.78, -2.09,  3.19,  8.27
  8.01, -1.72,  0.68,  6.37,  4.37, -1.81,  3.05,  9.80
  4.94, -3.84,  1.32,  6.94,  3.79, -1.58,  2.81, 11.04
  1.42, -4.21,  1.09,  7.57,  3.16, -1.39,  2.57, 11.66
 -1.45, -2.85,  0.32,  7.89,  2.82, -1.21,  2.44, 11.59
 -2.89, -0.49,  0.15,  8.00,  2.76, -1.03,  2.46, 11.31
 -2.75,  1.83,  1.25,  8.15,  2.57, -0.86,  2.58, 10.78
 -1.61,  3.36,  3.21,  8.11,  1.84, -0.58,  2.77, 10.43
 -0.22,  4.04,  5.20,  7.54,  0.59, -0.02,  3.09, 10.19
  0.98,  4.24,  6.64,  6.35, -0.70,  0.79,  3.69,  9.92
  1.71,  4.28,  7.35,  4.57, -1.44,  1.56,  4.66,  9.76
  1.83,  4.36,  7.69,  2.75, -1.52,  2.04,  5.89,  9.72
  1.35,  4.57,  7.88,  1.02, -1.06,  2.26,  7.19,  9.49
  0.45,  4.86,  7.82, -0.41, -0.19,  2.47,  8.45,  8.91
 -0.60,  5.19,  7.70, -1.40,  0.89,  3.04,  9.56,  7.72
 -1.42,  5.44,  7.50, -1.92,  1.93,  4.17, 10.34,  5.59
 -1.53,  5.48,  7.38, -2.03,  2.73,  5.81, 10.49,  2.53
 -0.78,  5.38,  7.25, -1.83,  3.21,  7.62,  9.54, -0.92
  0.47,  5.61,  6.96, -1.52,  3.42,  9.29,  7.11, -3.66
  1.11,  6.33,  6.41, -1.39,  3.46, 10.39,  3.39, -4.84
  0.63,  6.97,  5.79, -1.46,  3.36, 10.87, -0.40, -4.23
 -0.10,  7.17,  5.39, -1.59,  3.22, 10.58, -3.03, -2.22
  0.21,  7.25,  5.07, -1.66,  3.18, 10.07, -3.97,  0.54
  1.93,  7.48,  4.39, -1.66,  3.20,  9.61, -3.40,  2.90
  4.33,  7.58,  2.95, -1.47,  3.16,  9.45, -2.00,  4.24
  6.46,  6.93,  1.03, -0.92,  3.13,  9.43, -0.37,  4.73
  7.73,  5.39, -0.69, -0.08,  3.29,  9.55,  1.20,  4.82
  8.05,  3.23, -1.52,  0.74,  3.82,  9.73,  2.49,  4.82
  7.78,  1.18, -1.34,  1.29,  4.69, 10.00,  3.28,  4.84
  7.25, -0.37, -0.50,  1.68,  5.72, 10.24,  3.44,  4.78
  6.49, -1.15,  0.58,  2.25,  6.86, 10.47,  2.87,  4.58
  5.90, -1.25,  1.55,  3.18,  8.22, 10.11,  1.64,  4.42
  5.66, -1.01,  2.29,  4.48,  9.70,  8.65,  0.08,  4.61
  5.82, -0.69,  2.81,  6.02, 10.85,  5.84, -1.19,  4.97
  6.25, -0.38,  3.18,  7.69, 10.94,  1.72, -1.42,  5.11
  6.66, -0.06,  3.45,  9.32,  9.21, -2.40, -0.39,  5.08
  6.71,  0.22,  3.71, 10.58,  5.54, -4.96,  0.87,  5.57
  6.59,  0.30,  3.95, 11.08,  1.02, -5.21,  0.91,  6.41
  6.63,  0.22,  4.21, 10.70, -2.89, -3.30, -0.02,  6.82
  6.86,  0.16,  4.50,  9.64, -4.96, -0.20, -0.19,  6.83
  6.84,  0.14,  4.78,  8.34, -5.07,  2.74,  1.40,  7.10
  5.88,  0.13,  5.06,  7.23, -4.25,  4.44,  4.21,  7.59
  3.84,  0.27,  5.32,  6.43, -3.29,  4.94,  7.17,  7.70
  1.26,  0.75,  5.62,  5.70, -2.32,  4.79,  9.48,  6.78
 -0.70,  1.41,  6.08,  4.99, -1.61,  4.52, 10.80,  4.60
 -1.32,  1.82,  6.67,  4.34, -1.12,  4.40, 11.43,  1.83
 -0.59,  2.02,  7.25,  3.78, -0.71,  4.44, 11.52, -0.77
  1.03,  2.58,  7.70,  3.14, -0.34,  4.58, 11.11, -2.40
  2.73,  3.96,  7.89,  2.25,  0.09,  4.81, 10.39, -2.84
  3.89,  5.90,  7.57,  1.01,  0.65,  5.22,  9.55, -2.51
  4.44,  7.79,  6.38, -0.40,  1.34,  5.91,  8.67, -2.02
  4.55,  9.23,  4.25, -1.43,  1.91,  6.87,  7.55, -1.80
  4.41, 10.17,  1.64, -1.61,  2.09,  7.81,  6.23, -1.86
  4.15, 10.59, -0.61, -0.80,  2.09,  8.59,  4.73, -1.96
  3.92, 10.59, -1.93,  0.69,  2.49,  9.06,  3.13, -1.88
  3.64, 10.45, -2.15,  2.23,  3.69,  9.12,  1.39, -1.48
  3.52, 10.24, -1.48,  3.33,  5.42,  8.49, -0.53, -0.65
  3.87, 10.04, -0.52,  3.89,  7.00,  6.88, -2.17,  0.46
  4.82,  9.70,  0.20,  4.15,  8.11,  4.43, -3.03,  1.35
  6.04,  9.24,  0.40,  4.29,  8.73,  1.68, -2.94,  1.61
  7.09,  8.66,  0.15,  4.40,  8.80, -0.66, -1.95,  1.43
  7.87,  8.12, -0.34,  4.58,  8.46, -2.28, -0.40,  1.46
  8.55,  7.19, -0.84,  4.92,  7.94, -3.04,  1.30,  2.25
  9.17,  5.44, -1.15,  5.23,  7.44, -3.07,  2.67,  3.89
  9.44,  2.81, -1.05,  5.36,  7.10, -2.70,  3.48,  5.99
  8.60, -0.29, -0.35,  5.42,  6.67, -2.22,  3.80,  8.03
  6.14, -2.73,  0.65,  5.71,  6.18, -1.80,  3.80,  9.59
  2.67, -3.66,  1.14,  6.34,  5.58, -1.47,  3.70, 10.61
 -0.69, -2.94,  0.87,  6.94,  4.99, -1.26,  3.64, 11.01
 -2.99, -0.89,  0.68,  7.25,  4.53, -1.09,  3.71, 10.73
 -3.78,  1.58,  1.55,  7.51,  4.08, -0.91,  3.82, 10.18
 -3.25,  3.49,  3.54,  7.72,  3.19, -0.68,  3.93,  9.56
 -2.12,  4.47,  5.92,  7.36,  1.70, -0.24,  4.11,  9.07
 -0.97,  4.82,  7.84,  6.12, -0.02,  0.47,  4.48,  8.57
 -0.09,  4.93,  8.94,  3.96, -1.17,  1.21,  5.17,  8.23
  0.43,  5.08,  9.36,  1.45, -1.29,  1.67,  6.12,  7.73
  0.65,  5.39,  9.42, -0.78, -0.46,  1.95,  7.08,  7.29
  0.67,  5.77,  8.78, -2.34,  0.95,  2.55,  7.94,  6.79
  0.59,  6.03,  7.74, -3.01,  2.35,  3.87,  8.70,  5.82
  0.56,  6.25,  6.73, -3.00,  3.24,  5.79,  9.17,  4.13
  0.82,  6.54,  5.77, -2.75,  3.53,  7.83,  8.89,  1.77
  1.39,  6.98,  4.64, -2.54,  3.35,  9.56,  7.55, -0.73
  1.86,  7.55,  3.47, -2.36,  2.85, 10.92,  5.20, -2.60
  1.74,  8.19,  2.31, -2.12,  2.21, 11.60,  2.35, -3.28
  1.16,  8.54,  1.45, -1.71,  1.66, 11.59, -0.01, -2.64
  0.85,  8.69,  1.02, -1.15,  1.44, 11.37, -1.25, -1.13
  1.28,  8.81,  0.82, -0.55,  1.58, 11.17, -1.37,  0.51
  2.39,  8.74,  0.56,  0.06,  2.00, 10.80, -0.76,  1.76
  3.77,  8.44,  0.09,  0.73,  2.69, 10.49,  0.06,  2.49
  5.08,  7.79, -0.52,  1.48,  3.70, 10.21,  0.64,  2.86
  6.12,  6.68, -1.06,  2.19,  5.00,  9.91,  0.72,  3.09
  7.03,  5.34, -1.38,  2.69,  6.49,  9.21,  0.24,  3.34
  7.96,  3.77, -1.46,  2.90,  8.01,  8.10, -0.62,  3.65
  8.71,  2.08, -1.23,  2.85,  9.31,  6.38, -1.54,  3.89
  9.27,  0.48, -0.61,  2.77, 10.19,  4.25, -2.11,  3.93
  9.57, -0.65,  0.37,  3.04, 10.55,  2.03, -2.06,  3.66
  9.60, -1.04,  1.45,  3.91, 10.42, -0.09, -1.30,  3.35
  9.42, -0.81,  2.35,  5.23,  9.53, -1.90,  0.06,  3.44
  8.96, -0.42,  2.96,  6.66,  7.91, -3.12,  1.56,  4.34
  8.32, -0.35,  3.36,  7.91,  5.58, -3.70,  2.53,  5.92
  7.40, -0.74,  3.62,  8.74,  2.85, -3.69,  2.58,  7.57
  6.14, -1.32,  3.76,  9.11,  0.21, -3.14,  1.89,  8.72
  4.85, -1.77,  3.73,  9.13, -1.76, -1.83,  1.13,  9.25
  3.70, -1.92,  3.60,  9.02, -2.77,  0.04,  1.14,  9.46
  2.49, -1.74,  3.45,  8.77, -2.78,  1.83,  2.29,  9.45
  0.91, -1.18,  3.38,  8.65, -2.06,  3.09,  4.18,  9.13
 -0.87, -0.21,  3.49,  8.53, -1.06,  3.76,  6.14,  8.11
 -2.34,  0.90,  4.03,  8.46, -0.11,  4.08,  7.61,  6.23
 -2.95,  1.65,  5.05,  8.15,  0.53,  4.26,  8.55,  3.71
 -2.60,  1.77,  6.19,  7.70,  0.75,  4.48,  8.91,  0.99
 -1.42,  1.61,  7.13,  7.33,  0.68,  4.81,  8.72, -1.30
  0.19,  1.84,  7.88,  6.98,  0.45,  5.16,  8.06, -2.75
  1.76,  2.90,  8.60,  6.20,  0.17,  5.46,  7.24, -3.29
  2.84,  4.66,  9.12,  4.69, -0.03,  5.71,  6.42, -3.17
  3.34,  6.67,  9.14,  2.44,  0.09,  5.91,  5.77, -2.83
  3.38,  8.53,  8.22, -0.18,  0.66,  6.16,  5.10, -2.47
  3.16, 10.03,  6.08, -2.33,  1.37,  6.63,  4.37, -2.13
  2.82, 10.93,  3.19, -3.37,  1.62,  7.30,  3.48, -1.85
  2.53, 11.28,  0.39, -3.06,  1.22,  7.88,  2.66, -1.61
  2.36, 11.15, -1.58, -1.61,  0.77,  8.20,  2.15, -1.34
  2.33, 10.89, -2.27,  0.34,  1.06,  8.37,  1.81, -0.99
  2.49, 10.52, -1.86,  2.04,  2.29,  8.35,  1.37, -0.55
  2.83, 10.29, -0.86,  3.11,  3.97,  8.06,  0.63,  0.03
  3.46, 10.01,  0.18,  3.60,  5.57,  7.35, -0.35,  0.79
  4.45,  9.82,  0.86,  3.78,  6.73,  6.06, -1.21,  1.60
  5.78,  9.47,  0.96,  3.89,  7.48,  4.43, -1.64,  2.20
  7.22,  8.87,  0.49,  4.09,  8.11,  2.50, -1.57,  2.44
  8.51,  7.88, -0.32,  4.41,  8.55,  0.57, -0.98,  2.46
  9.48,  6.39, -1.12,  4.69,  8.75, -0.94,  0.07,  2.65
 10.13,  4.41, -1.59,  4.78,  8.75, -1.86,  1.34,  3.41
 10.26,  1.87, -1.48,  4.58,  8.62, -2.06,  2.49,  4.86
  9.44, -0.99, -0.60,  4.39,  8.34, -1.65,  3.26,  6.70
  7.27, -3.33,  0.74,  4.72,  7.98, -1.02,  3.66,  8.42
  3.98, -4.41,  1.60,  5.71,  7.41, -0.60,  3.86,  9.53
  0.47, -4.03,  1.39,  6.75,  6.83, -0.56,  3.97,  9.97
 -2.35, -2.38,  0.71,  7.31,  6.35, -0.72,  4.07,  9.82
 -3.87, -0.04,  0.72,  7.58,  5.88, -0.86,  4.22,  9.11
 -4.04,  2.21,  2.00,  7.86,  5.18, -0.89,  4.40,  8.48
 -3.38,  3.69,  4.24,  8.05,  3.90, -0.77,  4.58,  7.87
 -2.52,  4.34,  6.65,  7.70,  1.89, -0.34,  4.75,  7.32
 -1.65,  4.50,  8.57,  6.37, -0.29,  0.43,  5.03,  6.85
 -0.93,  4.55,  9.76,  4.07, -1.71,  1.19,  5.60,  6.41
 -0.45,  4.72, 10.37,  1.22, -1.88,  1.55,  6.35,  5.91
 -0.14,  4.98, 10.32, -1.38, -0.82,  1.67,  7.06,  5.45
  0.10,  5.30,  9.73, -3.01,  1.01,  2.26,  7.63,  4.96
  0.34,  5.63,  8.58, -3.53,  2.73,  3.77,  8.09,  4.13
  0.68,  5.98,  7.42, -3.33,  3.76,  5.90,  8.20,  2.70
  1.20,  6.45,  6.20, -2.97,  4.04,  8.01,  7.49,  0.81
  1.80,  7.06,  4.87, -2.69,  3.78,  9.58,  5.77, -0.99
  2.10,  7.77,  3.47, -2.42,  3.22, 10.68,  3.47, -2.03
  1.98,  8.34,  2.13, -2.06,  2.60, 11.29,  1.19, -2.03
  1.79,  8.65,  1.07, -1.51,  2.17, 11.47, -0.49, -1.09
  2.06,  8.77,  0.37, -0.80,  2.07, 11.30, -1.15,  0.33
  2.98,  8.67, -0.17,  0.04,  2.38, 11.08, -0.95,  1.64
  4.28,  8.29, -0.71,  0.94,  3.14, 10.76, -0.40,  2.53
  5.57,  7.38, -1.24,  1.82,  4.33, 10.33, -0.00,  3.07
  6.70,  6.10, -1.63,  2.50,  5.80,  9.73, -0.07,  3.43
  7.78,  4.42, -1.80,  2.83,  7.35,  8.66, -0.61,  3.72
  8.69,  2.44, -1.65,  2.80,  8.76,  7.01, -1.37,  3.88
  9.31,  0.61, -1.07,  2.60,  9.79,  5.01, -2.01,  3.81
  9.61, -0.65, -0.08,  2.65, 10.25,  2.87, -2.18,  3.53
  9.69, -1.11,  1.07,  3.31, 10.28,  0.89, -1.71,  3.13
  9.59, -0.87,  2.05,  4.53,  9.92, -0.89, -0.63,  3.01
  9.37, -0.32,  2.72,  6.00,  8.90, -2.42,  0.82,  3.52
  8.93,  0.04,  3.15,  7.34,  7.04, -3.38,  2.11,  4.78
  8.08, -0.09,  3.47,  8.39,  4.53, -3.68,  2.68,  6.49
  6.95, -0.62,  3.70,  9.02,  1.82, -3.38,  2.41,  7.97
  5.84, -1.22,  3.79,  9.28, -0.64, -2.47,  1.68,  8.94
  4.75, -1.68,  3.79,  9.16, -2.34, -0.86,  1.25,  9.46
  3.53, -1.86,  3.71,  8.89, -2.93,  1.04,  1.83,  9.74
  1.81, -1.61,  3.60,  8.58, -2.53,  2.59,  3.46,  9.75
 -0.32, -0.77,  3.52,  8.44, -1.58,  3.49,  5.51,  9.15
 -2.28,  0.49,  3.80,  8.31, -0.54,  3.93,  7.32,  7.53
 -3.40,  1.56,  4.68,  7.98,  0.22,  4.16,  8.56,  4.89
 -3.39,  1.85,  5.88,  7.55,  0.56,  4.39,  9.19,  1.79
 -2.29,  1.54,  6.90,  7.29,  0.57,  4.69,  9.21, -0.99
 -0.50,  1.44,  7.63,  7.09,  0.40,  5.07,  8.63, -2.94
  1.40,  2.25,  8.24,  6.61,  0.17,  5.40,  7.72, -3.79
  2.81,  4.00,  8.79,  5.56, -0.02,  5.65,  6.80, -3.78
  3.48,  6.20,  9.07,  3.51, -0.02,  5.88,  5.89, -3.40
  3.53,  8.24,  8.51,  0.77,  0.41,  6.14,  5.10, -3.00
  3.21,  9.77,  6.72, -1.74,  1.12,  6.56,  4.31, -2.67
  2.75, 10.85,  4.05, -3.20,  1.55,  7.21,  3.35, -2.37
  2.32, 11.40,  1.14, -3.26,  1.29,  7.83,  2.37, -2.02
  2.00, 11.36, -1.01, -1.99,  0.81,  8.14,  1.70, -1.58
  1.92, 11.11, -1.82, -0.15,  0.93,  8.28,  1.35, -1.08
  2.07, 10.84, -1.53,  1.46,  1.88,  8.33,  0.99, -0.56
  2.46, 10.53, -0.64,  2.50,  3.31,  8.19,  0.38,  0.05
  3.14, 10.37,  0.28,  3.02,  4.75,  7.69, -0.41,  0.82
  4.19, 10.13,  0.83,  3.24,  5.91,  6.78, -1.13,  1.63
  5.55,  9.75,  0.79,  3.39,  6.75,  5.50, -1.59,  2.29
  7.10,  8.99,  0.17,  3.61,  7.50,  3.99, -1.71,  2.62
  8.52,  7.82, -0.80,  3.91,  8.25,  2.30, -1.48,  2.65
  9.60,  6.13, -1.71,  4.12,  8.94,  0.59, -0.86,  2.57
 10.24,  4.02, -2.20,  4.07,  9.35, -0.78,  0.16,  2.74
 10.47,  1.65, -2.02,  3.68,  9.54, -1.43,  1.37,  3.50
 10.04, -0.72, -1.08,  3.38,  9.48, -1.27,  2.42,  4.89
  8.78, -2.65,  0.44,  3.60,  9.32, -0.62,  3.11,  6.47
  6.45, -3.82,  1.85,  4.72,  8.86, -0.06,  3.51,  7.86
  3.46, -4.08,  2.38,  6.35,  8.09,  0.02,  3.78,  8.81
  0.52, -3.49,  1.94,  7.72,  7.30, -0.36,  3.96,  9.26
 -1.86, -2.05,  1.21,  8.52,  6.54, -0.92,  4.07,  9.19
 -3.17, -0.03,  1.18,  8.96,  5.56, -1.39,  4.11,  8.86
 -3.34,  1.93,  2.33,  9.25,  4.37, -1.64,  4.11,  8.44
 -2.72,  3.30,  4.37,  9.36,  2.43, -1.50,  4.05,  8.17
 -1.81,  4.01,  6.61,  8.67, -0.03, -0.78,  3.95,  8.01
 -0.85,  4.30,  8.39,  6.57, -2.21,  0.37,  4.20,  7.80
 -0.08,  4.48,  9.38,  3.65, -3.26,  1.24,  5.00,  7.42
  0.39,  4.74,  9.72,  0.42, -2.93,  1.38,  6.01,  7.04
  0.62,  5.12,  9.37, -2.22, -1.38,  1.20,  6.80,  6.78
  0.73,  5.49,  8.32, -3.67,  0.71,  1.65,  7.43,  6.60
  0.73,  5.76,  6.95, -3.95,  2.48,  3.14,  8.09,  6.12
  0.70,  5.97,  5.70, -3.56,  3.41,  5.28,  8.70,  4.72
  0.82,  6.15,  4.64, -3.08,  3.57,  7.45,  8.78,  2.61
  1.28,  6.41,  3.77, -2.60,  3.28,  9.21,  7.93,  0.11
  1.87,  6.86,  2.88, -2.11,  2.83, 10.45,  6.09, -2.03
  2.07,  7.42,  2.01, -1.61,  2.47, 11.32,  3.41, -3.16
  1.64,  7.98,  1.29, -1.06,  2.32, 11.57,  0.64, -2.97
  1.13,  8.31,  1.01, -0.48,  2.45, 11.35, -1.45, -1.59
  1.36,  8.45,  1.05,  0.07,  2.84, 10.98, -2.38,  0.36
  2.60,  8.43,  0.98,  0.59,  3.42, 10.49, -2.29,  2.16
  4.43,  8.09,  0.51,  1.14,  4.17,  9.87, -1.68,  3.38
  6.27,  7.16, -0.29,  1.76,  5.12,  9.24, -1.07,  4.04
  7.76,  5.55, -1.09,  2.32,  6.31,  8.30, -0.82,  4.36
  8.90,  3.43, -1.50,  2.61,  7.62,  7.12, -0.94,  4.52
  9.63,  1.10, -1.28,  2.57,  8.73,  5.67, -1.21,  4.60
  9.88, -0.92, -0.31,  2.57,  9.48,  4.12, -1.38,  4.60
  9.67, -2.12,  1.13,  3.16,  9.90,  2.49, -1.25,  4.56
  9.18, -2.35,  2.49,  4.54,  9.77,  0.72, -0.72,  4.43
  8.56, -1.91,  3.38,  6.39,  8.79, -1.19,  0.24,  4.57
  7.89, -1.34,  3.81,  8.13,  6.73, -2.73,  1.31,  5.23
  7.11, -1.03,  3.98,  9.40,  3.80, -3.46,  1.89,  6.31
  6.33, -1.06,  4.02, 10.02,  0.69, -3.09,  1.68,  7.32
  5.58, -1.24,  3.96, 10.05, -1.85, -1.68,  1.21,  7.95
  4.75, -1.40,  3.89,  9.68, -3.13,  0.32,  1.40,  8.34
  3.57, -1.40,  3.85,  9.34, -3.19,  2.25,  2.70,  8.56
  1.86, -1.06,  3.88,  9.13, -2.45,  3.57,  4.75,  8.35
 -0.18, -0.30,  3.99,  8.95, -1.44,  4.23,  6.80,  7.45
 -1.88,  0.65,  4.40,  8.69, -0.48,  4.51,  8.31,  5.50
 -2.56,  1.29,  5.22,  8.44,  0.24,  4.68,  9.15,  2.78
 -2.04,  1.42,  6.18,  8.21,  0.60,  4.92,  9.27,  0.06
 -0.58,  1.50,  7.00,  8.04,  0.68,  5.25,  8.78, -2.01
  1.16,  2.20,  7.76,  7.63,  0.57,  5.53,  7.92, -3.07
  2.55,  3.72,  8.59,  6.64,  0.34,  5.77,  6.90, -3.27
  3.30,  5.76,  9.21,  4.84,  0.16,  6.04,  6.00, -3.00
  3.48,  7.78,  9.16,  2.10,  0.31,  6.23,  5.33, -2.62
  3.31,  9.47,  7.93, -0.77,  0.92,  6.55,  4.65, -2.29
  2.95, 10.82,  5.40, -2.83,  1.54,  7.10,  3.84, -2.04
  2.51, 11.55,  2.31, -3.57,  1.53,  7.75,  2.93, -1.80
  2.20, 11.68, -0.45, -2.84,  0.93,  8.23,  2.20, -1.51
  2.05, 11.46, -1.99, -1.04,  0.58,  8.40,  1.82, -1.16
  2.13, 11.05, -2.16,  1.00,  1.22,  8.47,  1.58, -0.78
  2.37, 10.70, -1.35,  2.52,  2.69,  8.46,  1.09, -0.32
  2.83, 10.45, -0.17,  3.31,  4.41,  8.10,  0.23,  0.32
  3.62, 10.22,  0.82,  3.58,  5.84,  7.24, -0.74,  1.13
  4.83, 10.00,  1.26,  3.66,  6.81,  5.87, -1.48,  1.91
  6.29,  9.57,  1.01,  3.75,  7.39,  4.18, -1.77,  2.41
  7.80,  8.88,  0.18,  3.98,  7.99,  2.46, -1.59,  2.54
  9.07,  7.60, -0.86,  4.35,  8.51,  0.77, -0.99,  2.49
  9.97,  5.73, -1.71,  4.57,  8.81, -0.67, -0.02,  2.63
 10.49,  3.37, -2.02,  4.50,  8.85, -1.59,  1.17,  3.32
 10.37,  0.73, -1.59,  4.22,  8.85, -1.79,  2.27,  4.64
  9.35, -1.79, -0.41,  4.08,  8.73, -1.40,  3.06,  6.35
  7.19, -3.66,  1.05,  4.60,  8.43, -0.81,  3.51,  7.98
  4.19, -4.46,  1.90,  5.86,  7.79, -0.48,  3.78,  9.19
  0.80, -4.10,  1.64,  7.15,  7.06, -0.56,  3.95,  9.77
 -2.07, -2.62,  0.84,  7.86,  6.42, -0.85,  4.03,  9.71
 -3.72, -0.35,  0.66,  8.12,  5.99, -1.14,  4.06,  9.26
 -4.00,  1.94,  1.81,  8.45,  5.21, -1.35,  4.18,  8.62
 -3.39,  3.52,  4.01,  8.64,  3.68, -1.32,  4.32,  8.15
 -2.47,  4.29,  6.49,  8.21,  1.42, -0.86,  4.39,  7.78
 -1.51,  4.53,  8.49,  6.61, -0.92,  0.02,  4.56,  7.48
 -0.65,  4.64,  9.60,  3.95, -2.30,  0.88,  5.07,  7.17
 -0.01,  4.87,  9.95,  0.97, -2.30,  1.24,  5.80,  6.84
  0.43,  5.22,  9.66, -1.59, -1.06,  1.34,  6.48,  6.66
  0.75,  5.61,  8.71, -3.14,  0.82,  1.89,  7.09,  6.47
  0.95,  5.95,  7.35, -3.61,  2.48,  3.31,  7.76,  5.94
  1.08,  6.23,  6.00, -3.42,  3.41,  5.34,  8.33,  4.78
  1.30,  6.49,  4.78, -3.03,  3.61,  7.43,  8.39,  2.94
  1.72,  6.82,  3.69, -2.61,  3.31,  9.13,  7.63,  0.66
  2.20,  7.29,  2.58, -2.16,  2.80, 10.39,  6.01, -1.32
  2.37,  7.81,  1.48, -1.61,  2.31, 11.21,  3.78, -2.45
  2.08,  8.21,  0.63, -0.93,  2.13, 11.45,  1.41, -2.52
  1.68,  8.37,  0.28, -0.15,  2.37, 11.20, -0.45, -1.59
  1.76,  8.46,  0.33,  0.58,  3.01, 10.80, -1.59, -0.07
  2.64,  8.40,  0.49,  1.20,  3.89, 10.24, -2.07,  1.54
  4.15,  8.08,  0.41,  1.75,  4.92,  9.30, -2.10,  2.84
  5.95,  7.34, -0.04,  2.27,  6.00,  8.22, -1.97,  3.65
  7.65,  5.91, -0.69,  2.72,  7.16,  6.95, -1.96,  4.02
  9.03,  4.08, -1.20,  2.95,  8.31,  5.19, -2.09,  3.99
  9.96,  2.04, -1.26,  2.92,  9.20,  3.31, -2.15,  3.60
 10.45,  0.30, -0.70,  2.85,  9.66,  1.41, -1.86,  3.06
 10.50, -0.64,  0.31,  3.10,  9.80, -0.11, -1.08,  2.78
 10.41, -0.83,  1.40,  3.92,  9.43, -1.21,  0.05,  2.99
 10.13, -0.69,  2.28,  5.15,  8.55, -1.97,  1.27,  3.81
  9.42, -0.68,  2.93,  6.48,  7.13, -2.49,  2.28,  5.21
  8.26, -1.02,  3.38,  7.68,  5.11, -2.72,  2.79,  6.87
  6.74, -1.59,  3.62,  8.68,  2.84, -2.61,  2.70,  8.36
  4.96, -2.09,  3.58,  9.36,  0.64, -2.01,  2.24,  9.37
  3.26, -2.26,  3.23,  9.69, -0.96, -0.89,  1.95,  9.86
  1.67, -1.99,  2.78,  9.70, -1.62,  0.54,  2.33,  9.96
  0.03, -1.24,  2.53,  9.63, -1.34,  1.81,  3.44,  9.73
 -1.52, -0.08,  2.71,  9.41, -0.52,  2.65,  4.94,  8.88
 -2.64,  1.21,  3.52,  9.19,  0.31,  3.13,  6.32,  7.27
 -3.12,  2.14,  4.89,  8.86,  0.70,  3.42,  7.35,  5.13
 -2.98,  2.40,  6.40,  8.33,  0.54,  3.67,  7.98,  2.82
 -2.31,  2.15,  7.62,  7.56, -0.02,  3.89,  8.26,  0.68
 -1.22,  1.86,  8.49,  6.60, -0.68,  4.10,  8.30, -1.02
  0.18,  2.05,  9.07,  5.42, -1.21,  4.25,  8.18, -2.10
  1.59,  3.01,  9.50,  3.87, -1.43,  4.33,  7.93, -2.46
  2.67,  4.64,  9.51,  1.87, -1.20,  4.30,  7.76, -2.22
  3.32,  6.49,  8.81, -0.42, -0.41,  4.33,  7.58, -1.63
  3.66,  8.16,  6.94, -2.38,  0.73,  4.72,  7.28, -1.01
  3.83,  9.35,  4.09, -3.42,  1.54,  5.62,  6.85, -0.62
  3.96,  9.85,  0.87, -3.23,  1.57,  6.65,  6.43, -0.52
  4.13,  9.73, -1.79, -1.93,  1.18,  7.41,  5.93, -0.60
  4.33,  9.02, -3.23,  0.04,  1.30,  7.93,  5.40, -0.70
  4.53,  8.42, -3.56,  1.97,  2.46,  8.38,  4.60, -0.74
  4.66,  7.82, -3.17,  3.33,  4.48,  8.63,  3.14, -0.61
  4.80,  7.31, -2.44,  3.98,  6.69,  8.21,  1.05, -0.12
  5.18,  6.77, -1.76,  4.17,  8.49,  6.66, -1.09,  0.70
  5.87,  6.15, -1.26,  4.15,  9.57,  4.15, -2.42,  1.41
  6.64,  5.51, -0.95,  4.11, 10.25,  1.30, -2.54,  1.60
  7.25,  4.91, -0.76,  4.17, 10.51, -1.28, -1.42,  1.48
  7.75,  4.38, -0.61,  4.29, 10.15, -2.82,  0.51,  1.81
  8.11,  3.57, -0.43,  4.44,  9.46, -3.14,  2.40,  3.12
  8.10,  2.18, -0.09,  4.63,  8.74, -2.63,  3.65,  5.15
  7.34,  0.45,  0.52,  5.00,  8.16, -1.86,  4.23,  7.20
  5.58, -1.12,  1.27,  5.66,  7.57, -1.21,  4.42,  8.76
  3.02, -1.90,  1.76,  6.55,  6.82, -0.83,  4.45,  9.77
  0.37, -1.57,  1.86,  7.41,  5.99, -0.70,  4.50, 10.27
 -1.71, -0.26,  1.97,  8.11,  5.14, -0.66,  4.68, 10.15
 -2.77,  1.48,  2.77,  8.66,  4.13, -0.59,  4.87,  9.59
 -2.88,  2.95,  4.43,  8.82,  2.70, -0.34,  5.08,  8.88
 -2.48,  3.82,  6.49,  8.34,  0.78,  0.21,  5.33,  8.24
 -2.06,  4.16,  8.36,  6.82, -1.14,  1.02,  5.85,  7.49
 -1.85,  4.13,  9.75,  4.25, -2.39,  1.63,  6.67,  6.48
 -1.79,  3.89, 10.58,  1.28, -2.51,  1.68,  7.50,  5.32
 -1.77,  3.60, 10.81, -1.16, -1.39,  1.45,  8.10,  4.26
 -1.65,  3.42, 10.68, -2.38,  0.46,  1.75,  8.46,  3.29
 -1.36,  3.30, 10.31, -2.38,  2.23,  3.00,  8.62,  2.13
 -0.79,  3.24,  9.98, -1.54,  3.40,  4.84,  8.39,  0.59
  0.13,  3.46,  9.82, -0.39,  3.96,  6.57,  7.29, -1.10
  1.10,  4.21,  9.69,  0.59,  4.17,  7.71,  5.31, -2.28
  1.68,  5.35,  9.52,  1.05,  4.25,  8.35,  2.81, -2.58
  1.75,  6.55,  9.20,  0.95,  4.35,  8.59,  0.42, -1.97
  1.77,  7.59,  8.81,  0.42,  4.58,  8.41, -1.34, -0.70
  2.31,  8.53,  8.08, -0.29,  4.92,  7.91, -2.32,  0.83
  3.61,  9.39,  6.62, -0.96,  5.24,  7.39, -2.61,  2.17
  5.48,  9.97,  4.05, -1.28,  5.42,  7.06, -2.45,  3.07
  7.49,  9.56,  0.73, -0.92,  5.37,  6.86, -2.06,  3.53
  9.32,  7.57, -2.32,  0.12,  5.42,  6.63, -1.60,  3.67
 10.69,  4.21, -4.04,  0.97,  5.95,  6.24, -1.25,  3.66
 11.28,  0.36, -3.91,  0.88,  6.64,  5.75, -1.10,  3.63
 11.23, -2.67, -2.04,  0.37,  7.03,  5.33, -1.05,  3.66
 10.64, -4.05,  0.65,  0.74,  7.25,  5.01, -1.00,  3.78
  9.86, -3.81,  3.03,  2.48,  7.56,  4.29, -0.90,  3.92
  9.30, -2.68,  4.39,  4.98,  7.59,  2.89, -0.63,  4.04
  8.95, -1.35,  4.92,  7.26,  6.81,  0.94, -0.05,  4.19
  8.68, -0.15,  5.11,  8.69,  5.01, -0.72,  0.76,  4.60
  8.28,  0.74,  5.32,  9.22,  2.48, -1.41,  1.40,  5.38
  8.15,  1.30,  5.68,  9.26, -0.13, -0.94,  1.74,  6.35
  8.00,  1.53,  5.98,  8.58, -2.13,  0.37,  2.17,  7.30
  7.60,  1.45,  6.16,  7.28, -3.10,  1.85,  3.22,  8.26
  6.43,  1.12,  6.29,  6.07, -3.22,  2.87,  4.96,  9.21
  4.11,  0.84,  6.51,  4.93, -2.95,  3.23,  6.98,  9.75
  1.09,  1.01,  6.74,  4.00, -2.63,  3.09,  8.80,  9.38
 -1.78,  1.58,  7.12,  3.03, -2.30,  2.66, 10.24,  7.77
 -3.71,  1.96,  7.69,  1.97, -1.88,  2.14, 11.13,  5.12
 -4.19,  1.56,  8.21,  1.13, -1.31,  1.75, 11.47,  2.09
 -3.31,  0.65,  8.48,  0.87, -0.67,  1.70, 11.39, -0.45
 -1.60,  0.04,  8.55,  1.20, -0.12,  2.04, 11.08, -2.09
  0.52,  0.43,  8.59,  1.77,  0.23,  2.58, 10.66, -2.63
  2.38,  1.93,  8.59,  1.97,  0.46,  3.19, 10.22, -2.28
  3.54,  4.01,  8.41,  1.47,  0.75,  3.80,  9.77, -1.45
  4.11,  6.01,  7.66,  0.38,  1.25,  4.54,  9.39, -0.63
  4.35,  7.51,  6.27, -0.79,  1.87,  5.52,  8.91, -0.11
  4.52,  8.51,  4.29, -1.54,  2.32,  6.70,  8.23, -0.00
  4.74,  9.29,  1.85, -1.59,  2.42,  7.91,  7.30, -0.24
  5.03,  9.55, -0.50, -0.80,  2.36,  8.78,  6.26, -0.58
  5.26,  9.29, -2.18,  0.62,  2.70,  9.42,  4.90, -0.82
  5.33,  8.75, -2.90,  2.14,  3.88,  9.71,  3.20, -0.79
  5.42,  8.05, -2.84,  3.24,  5.80,  9.40,  1.07, -0.35
  5.71,  7.31, -2.43,  3.75,  7.87,  8.03, -1.29,  0.53
  6.40,  6.34, -2.15,  3.80,  9.56,  5.46, -3.04,  1.37
  7.24,  5.29, -2.08,  3.55, 10.65,  2.23, -3.56,  1.51
  7.85,  4.18, -2.08,  3.13, 11.00, -0.64, -2.67,  1.03
  8.14,  3.31, -2.01,  2.70, 10.95, -2.28, -0.79,  0.82
  8.31,  2.50, -1.82,  2.38, 10.66, -2.46,  1.21,  1.56
  8.26,  1.33, -1.41,  2.18, 10.49, -1.55,  2.67,  3.10
  7.78, -0.10, -0.67,  2.17, 10.45, -0.11,  3.40,  4.81
  6.60, -1.39,  0.35,  2.57, 10.33,  1.29,  3.58,  6.06
  5.07, -2.16,  1.33,  3.54, 10.33,  2.19,  3.50,  6.70
  3.53, -2.26,  1.96,  4.94, 10.44,  2.29,  3.39,  6.98
  2.08, -1.88,  2.19,  6.42, 10.36,  1.54,  3.43,  7.20
  0.79, -1.20,  2.22,  7.81,  9.75,  0.25,  3.71,  7.37
 -0.26, -0.32,  2.35,  9.02,  8.41, -1.15,  4.14,  7.60
 -1.04,  0.66,  2.85,  9.96,  6.38, -2.21,  4.46,  7.85
 -1.43,  1.66,  3.84, 10.56,  3.66, -2.64,  4.42,  8.15
 -1.33,  2.49,  5.29, 10.44,  0.53, -2.17,  4.02,  8.30
 -0.76,  3.07,  6.88,  9.06, -2.35, -0.78,  3.74,  8.37
 -0.09,  3.42,  8.23,  6.52, -4.25,  0.85,  4.20,  8.30
  0.29,  3.69,  9.13,  3.05, -4.79,  1.63,  5.38,  7.93
  0.25,  3.94,  9.33, -0.35, -4.03,  1.25,  6.51,  7.56
  0.01,  4.19,  8.90, -2.80, -2.18,  0.57,  7.12,  7.27
 -0.28,  4.41,  8.19, -3.95,  0.20,  0.72,  7.49,  7.09
 -0.53,  4.68,  7.42, -4.01,  2.29,  2.11,  7.99,  6.46
 -0.66,  4.91,  6.81, -3.46,  3.58,  4.36,  8.50,  4.93
 -0.44,  5.08,  6.35, -2.78,  4.11,  6.80,  8.46,  2.49
  0.26,  5.24,  5.90, -2.09,  4.15,  8.84,  7.27, -0.23
  1.08,  5.67,  5.45, -1.47,  4.06, 10.19,  4.86, -2.20
  1.41,  6.39,  4.96, -1.01,  4.08, 11.08,  1.75, -2.75
  1.29,  6.97,  4.48, -0.70,  4.19, 11.13, -1.19, -1.75
  1.55,  7.30,  4.12, -0.43,  4.38, 10.54, -3.00,  0.28
  2.81,  7.57,  3.63, -0.14,  4.65,  9.56, -3.45,  2.35
  4.86,  7.57,  2.64,  0.23,  4.98,  8.82, -3.03,  3.76
  7.00,  6.96,  1.17,  0.78,  5.45,  7.99, -2.34,  4.43
  8.68,  5.42, -0.29,  1.45,  6.08,  7.19, -1.76,  4.59
  9.80,  3.18, -1.14,  1.96,  6.91,  6.31, -1.41,  4.54
 10.61,  0.85, -1.07,  2.18,  7.79,  5.30, -1.26,  4.50
 10.77, -1.11, -0.09,  2.39,  8.44,  4.26, -1.17,  4.51
 10.46, -2.20,  1.41,  3.13,  8.84,  3.01, -0.99,  4.50
 10.04, -2.36,  2.81,  4.63,  8.80,  1.43, -0.58,  4.53
  9.55, -1.92,  3.72,  6.48,  7.96, -0.41,  0.18,  4.75
  8.96, -1.36,  4.17,  8.09,  6.13, -2.02,  1.07,  5.36
  8.11, -1.05,  4.34,  9.21,  3.44, -2.78,  1.61,  6.33
  7.26, -1.06,  4.35,  9.73,  0.61, -2.43,  1.55,  7.33
  6.35, -1.27,  4.31,  9.76, -1.66, -1.06,  1.37,  8.04
  5.26, -1.45,  4.34,  9.44, -2.84,  0.84,  1.86,  8.51
  3.75, -1.43,  4.40,  9.09, -2.96,  2.54,  3.35,  8.89
  1.62, -1.05,  4.41,  8.72, -2.37,  3.64,  5.46,  8.77
 -0.73, -0.20,  4.49,  8.47, -1.52,  4.16,  7.48,  7.58
 -2.41,  0.77,  4.93,  8.20, -0.76,  4.37,  8.93,  5.19
 -2.85,  1.25,  5.75,  7.82, -0.25,  4.50,  9.79,  2.11
 -1.99,  1.22,  6.58,  7.44, -0.01,  4.75, 10.05, -0.83
 -0.14,  1.36,  7.21,  7.10,  0.09,  5.11,  9.56, -2.95
  1.89,  2.43,  7.85,  6.50,  0.12,  5.44,  8.51, -3.82
  3.32,  4.45,  8.45,  5.22,  0.14,  5.69,  7.41, -3.78
  3.92,  6.82,  8.57,  3.06,  0.34,  5.92,  6.42, -3.43
  3.85,  8.88,  7.73,  0.46,  0.88,  6.24,  5.47, -3.03
  3.40, 10.33,  5.69, -1.69,  1.53,  6.78,  4.41, -2.66
  2.86, 11.27,  2.96, -2.71,  1.79,  7.40,  3.26, -2.34
  2.35, 11.67,  0.44, -2.38,  1.53,  7.88,  2.18, -2.01
  2.02, 11.55, -1.09, -1.04,  1.32,  8.18,  1.39, -1.57
  1.94, 11.32, -1.45,  0.59,  1.74,  8.34,  0.87, -0.99
  2.15, 11.06, -0.93,  1.88,  2.82,  8.31,  0.34, -0.28
  2.70, 10.90, -0.07,  2.65,  4.16,  7.95, -0.31,  0.54
  3.68, 10.63,  0.60,  3.01,  5.36,  7.18, -0.94,  1.41
  5.05, 10.22,  0.71,  3.20,  6.29,  5.99, -1.38,  2.16
  6.58,  9.51,  0.20,  3.41,  7.05,  4.62, -1.53,  2.62
  8.09,  8.30, -0.73,  3.67,  7.81,  3.13, -1.42,  2.77
  9.34,  6.56, -1.70,  3.89,  8.48,  1.55, -1.02,  2.75
 10.18,  4.39, -2.30,  3.92,  8.96,  0.16, -0.28,  2.81
 10.55,  2.08, -2.25,  3.67,  9.21, -0.72,  0.70,  3.25
 10.37, -0.20, -1.44,  3.30,  9.41, -0.94,  1.69,  4.24
  9.40, -2.15,  0.01,  3.36,  9.43, -0.62,  2.47,  5.61
  7.59, -3.46,  1.57,  4.25,  9.19, -0.18,  3.00,  6.99
  5.03, -3.98,  2.48,  5.88,  8.56, -0.13,  3.35,  8.07
  2.21, -3.79,  2.40,  7.55,  7.62, -0.59,  3.61,  8.76
 -0.37, -3.02,  1.63,  8.69,  6.47, -1.25,  3.77,  8.99
 -2.29, -1.50,  0.96,  9.26,  5.36, -1.82,  3.77,  8.91
 -3.15,  0.50,  1.24,  9.57,  4.27, -2.12,  3.69,  8.79
 -2.96,  2.30,  2.67,  9.78,  2.74, -2.08,  3.48,  8.64
 -2.00,  3.45,  4.80,  9.44,  0.57, -1.50,  3.21,  8.58
 -0.72,  3.99,  6.84,  8.10, -1.72, -0.31,  3.23,  8.58
  0.44,  4.23,  8.17,  5.59, -3.24,  0.97,  3.84,  8.48
  1.20,  4.40,  8.77,  2.46, -3.51,  1.60,  4.94,  8.35
  1.44,  4.61,  8.81, -0.34, -2.64,  1.50,  6.07,  8.40
  1.30,  4.90,  8.12, -2.36, -1.10,  1.33,  6.98,  8.52
  0.90,  5.21,  7.07, -3.33,  0.63,  1.78,  7.80,  8.27
  0.35,  5.49,  6.08, -3.45,  2.05,  3.08,  8.68,  7.55
 -0.20,  5.75,  5.41, -3.21,  2.89,  4.98,  9.54,  5.90
 -0.39,  6.00,  4.88, -2.88,  3.18,  7.02,  9.98,  3.06
  0.12,  6.21,  4.43, -2.49,  3.08,  8.83,  9.19, -0.36
  1.00,  6.57,  3.85, -2.13,  2.79, 10.22,  6.93, -3.24
  1.33,  7.19,  3.15, -1.84,  2.46, 11.08,  3.60, -4.65
  0.69,  7.68,  2.55, -1.58,  2.22, 11.31,  0.26, -4.25
 -0.12,  7.85,  2.33, -1.30,  2.12, 11.03, -2.02, -2.48
 -0.05,  7.90,  2.37, -1.04,  2.18, 10.79, -2.84, -0.08
  1.25,  7.96,  2.26, -0.78,  2.35, 10.48, -2.39,  2.09
  3.21,  7.87,  1.61, -0.42,  2.60, 10.11, -1.17,  3.39
  5.06,  7.36,  0.51,  0.16,  2.99,  9.83,  0.21,  3.90
  6.34,  6.32, -0.59,  0.95,  3.65,  9.68,  1.32,  3.99
  7.01,  4.94, -1.29,  1.70,  4.66,  9.64,  1.91,  3.95
  7.37,  3.26, -1.44,  2.20,  5.96,  9.56,  1.83,  3.98
  7.63,  1.62, -1.08,  2.41,  7.32,  9.25,  1.13,  4.20
  7.71,  0.19, -0.34,  2.58,  8.59,  8.47,  0.10,  4.54
  7.72, -0.86,  0.64,  3.03,  9.63,  6.98, -0.92,  4.90
  7.74, -1.50,  1.66,  3.99, 10.37,  4.80, -1.56,  5.08
  7.78, -1.68,  2.53,  5.43, 10.42,  1.85, -1.52,  4.97
  7.81, -1.47,  3.12,  7.15,  9.46, -1.28, -0.62,  4.81
  7.63, -1.08,  3.46,  8.75,  7.13, -3.74,  0.71,  5.13
  7.18, -0.86,  3.64,  9.85,  3.61, -4.76,  1.44,  6.06
  6.59, -0.91,  3.70, 10.18, -0.14, -4.17,  1.01,  6.98
  6.12, -1.10,  3.71,  9.92, -2.88, -2.28,  0.24,  7.38
  5.73, -1.26,  3.74,  9.38, -4.08,  0.34,  0.43,  7.53
  5.06, -1.33,  3.79,  8.85, -3.86,  2.68,  2.02,  7.78
  3.58, -1.23,  3.87,  8.42, -2.87,  4.10,  4.45,  7.89
  1.42, -0.73,  3.92,  8.27, -1.60,  4.70,  6.83,  7.32
 -0.58,  0.11,  4.13,  8.20, -0.32,  4.89,  8.49,  5.63
 -1.59,  0.90,  4.67,  8.19,  0.77,  5.04,  9.21,  3.16
 -1.37,  1.34,  5.47,  8.23,  1.54,  5.34,  9.26,  0.52
 -0.17,  1.70,  6.27,  8.42,  2.00,  5.66,  8.54, -1.63
  1.36,  2.52,  7.19,  8.48,  2.12,  5.84,  7.31, -2.72
  2.54,  3.99,  8.28,  7.99,  1.81,  5.89,  6.02, -2.88
  3.13,  5.84,  9.34,  6.60,  1.22,  5.97,  4.99, -2.55
  3.26,  7.72, 10.00,  3.98,  0.80,  6.18,  4.28, -2.14
  3.12,  9.38,  9.52,  0.60,  0.98,  6.45,  3.76, -1.80
  2.86, 10.86,  7.45, -2.46,  1.65,  6.90,  3.20, -1.49
  2.59, 11.90,  4.06, -4.23,  1.92,  7.64,  2.46, -1.18
  2.43, 12.17,  0.34, -4.13,  1.18,  8.24,  1.88, -0.82
  2.51, 11.72, -2.49, -2.25,  0.22,  8.47,  1.86, -0.45
  2.84, 11.19, -3.62,  0.49,  0.40,  8.56,  2.16, -0.17
  3.26, 10.64, -3.14,  2.90,  2.12,  8.63,  2.08,  0.05
  3.74, 10.17, -1.86,  4.27,  4.61,  8.26,  1.24,  0.41
  4.40,  9.71, -0.59,  4.80,  6.83,  7.12, -0.09,  1.04
  5.39,  9.21,  0.26,  4.96,  8.23,  5.07, -1.22,  1.73
  6.61,  8.72,  0.60,  5.12,  8.96,  2.58, -1.59,  2.13
  7.85,  8.22,  0.49,  5.42,  9.23,  0.04, -1.05,  2.20
  8.90,  7.50,  0.12,  5.74,  8.86, -1.97,  0.25,  2.45
  9.73,  6.23, -0.32,  5.98,  8.14, -3.04,  1.79,  3.45
 10.26,  3.96, -0.54,  6.13,  7.28, -3.27,  2.96,  5.30
  9.87,  0.85, -0.20,  6.22,  6.50, -3.07,  3.48,  7.52
  7.97, -2.18,  0.69,  6.48,  5.66, -2.88,  3.44,  9.52
  4.76, -4.06,  1.33,  7.06,  4.63, -2.79,  2.99, 10.94
  1.20, -4.27,  1.03,  7.65,  3.48, -2.67,  2.29, 11.61
 -1.42, -2.89,  0.22,  7.88,  2.62, -2.47,  1.54, 11.58
 -2.27, -0.72,  0.04,  7.86,  2.12, -2.21,  0.95, 11.21
 -1.50,  1.22,  0.92,  7.89,  1.63, -1.90,  0.57, 11.00
  0.18,  2.25,  2.33,  7.82,  0.92, -1.43,  0.41, 10.87
  1.98,  2.37,  3.59,  7.62,  0.01, -0.69,  0.56, 10.76
  3.26,  1.96,  4.40,  7.21, -0.79,  0.29,  1.15, 10.69
  3.57,  1.37,  4.83,  6.72, -1.25,  1.31,  2.25, 10.77
  2.86,  0.94,  5.06,  6.31, -1.34,  2.17,  3.79, 10.75
  1.25,  0.94,  5.33,  5.94, -1.18,  2.76,  5.53, 10.50
 -0.76,  1.46,  5.84,  5.53, -0.94,  3.12,  7.22,  9.49
 -2.49,  2.17,  6.67,  4.90, -0.76,  3.31,  8.69,  7.44
 -3.48,  2.47,  7.66,  4.06, -0.66,  3.42,  9.83,  4.64
 -3.43,  2.03,  8.49,  3.24, -0.58,  3.45, 10.39,  1.49
 -2.25,  1.29,  8.88,  2.75, -0.46,  3.53, 10.45, -1.16
 -0.33,  1.13,  8.97,  2.52, -0.27,  3.77,  9.96, -2.79
  1.70,  2.12,  8.97,  2.23, -0.02,  4.15,  9.12, -3.28
  3.18,  4.10,  8.86,  1.43,  0.35,  4.56,  8.28, -2.95
  3.95,  6.34,  8.18,  0.03,  0.96,  5.06,  7.67, -2.27
  4.22,  8.26,  6.52, -1.49,  1.69,  5.81,  6.97, -1.69
  4.23,  9.68,  3.94, -2.42,  2.14,  6.78,  6.09, -1.36
  4.20, 10.47,  0.96, -2.33,  2.06,  7.70,  5.10, -1.24
  4.23, 10.62, -1.58, -1.07,  1.80,  8.33,  4.12, -1.14
  4.31, 10.27, -2.93,  0.87,  2.22,  8.58,  3.20, -0.95
  4.44,  9.62, -3.13,  2.66,  3.67,  8.57,  2.04, -0.57
  4.69,  8.94, -2.56,  3.79,  5.73,  7.98,  0.51,  0.07
  5.20,  8.28, -1.82,  4.29,  7.64,  6.52, -1.09,  0.90
  6.05,  7.58, -1.32,  4.43,  8.98,  4.21, -2.12,  1.57
  7.02,  6.66, -1.13,  4.42,  9.77,  1.45, -2.18,  1.77
  7.86,  5.64, -1.12,  4.39, 10.00, -0.94, -1.19,  1.69
  8.47,  4.68, -1.13,  4.46,  9.90, -2.44,  0.52,  2.03
  8.84,  3.34, -1.01,  4.56,  9.45, -2.89,  2.28,  3.29
  8.75,  1.51, -0.57,  4.66,  9.01, -2.53,  3.53,  5.28
  7.68, -0.57,  0.23,  4.84,  8.56, -1.82,  4.16,  7.34
  5.44, -2.19,  1.13,  5.42,  7.98, -1.18,  4.39,  8.90
  2.41, -2.74,  1.57,  6.35,  7.30, -0.82,  4.43,  9.97
 -0.62, -1.97,  1.46,  7.20,  6.63, -0.74,  4.46, 10.39
 -2.71, -0.15,  1.54,  7.82,  5.88, -0.77,  4.63, 10.11
 -3.52,  1.91,  2.58,  8.24,  4.95, -0.76,  4.79,  9.44
 -3.29,  3.44,  4.57,  8.49,  3.45, -0.59,  4.95,  8.75
 -2.60,  4.22,  6.87,  8.03,  1.29, -0.10,  5.15,  8.22
 -1.94,  4.45,  8.77,  6.43, -0.85,  0.70,  5.57,  7.63
 -1.50,  4.42, 10.02,  3.85, -2.17,  1.37,  6.22,  7.00
 -1.28,  4.36, 10.58,  0.87, -2.20,  1.52,  7.01,  6.16
 -1.16,  4.39, 10.65, -1.62, -0.95,  1.48,  7.68,  5.27
 -1.04,  4.49, 10.24, -3.02,  1.03,  2.05,  8.11,  4.45
 -0.80,  4.60,  9.75, -3.20,  2.88,  3.65,  8.34,  3.26
 -0.33,  4.70,  9.23, -2.60,  4.05,  5.85,  8.05,  1.50
  0.44,  5.00,  8.68, -1.77,  4.54,  7.87,  6.78, -0.50
  1.19,  5.71,  8.09, -1.10,  4.67,  9.20,  4.29, -1.89
  1.50,  6.58,  7.39, -0.76,  4.66,  9.81,  1.52, -2.10
  1.53,  7.35,  6.73, -0.68,  4.67,  9.87, -1.02, -1.14
  1.95,  7.99,  5.90, -0.71,  4.86,  9.62, -2.67,  0.60
  3.29,  8.56,  4.76, -0.69,  5.07,  9.08, -3.23,  2.39
  5.38,  8.78,  2.87, -0.48,  5.24,  8.42, -2.94,  3.61
  7.57,  8.06,  0.49,  0.12,  5.42,  7.82, -2.28,  4.17
  9.31,  6.06, -1.65,  0.96,  5.89,  7.11, -1.70,  4.27
 10.47,  3.10, -2.72,  1.46,  6.73,  6.31, -1.44,  4.15
 11.08, -0.06, -2.34,  1.34,  7.51,  5.54, -1.40,  3.92
 10.97, -2.25, -0.64,  1.25,  8.05,  4.82, -1.45,  3.68
 10.44, -2.94,  1.49,  2.07,  8.43,  3.94, -1.47,  3.57
  9.93, -2.43,  3.15,  3.86,  8.57,  2.53, -1.28,  3.55
  9.58, -1.32,  4.04,  5.95,  8.09,  0.57, -0.69,  3.56
  9.43, -0.13,  4.40,  7.61,  6.55, -1.33,  0.27,  3.79
  9.19,  0.82,  4.55,  8.48,  4.12, -2.38,  1.15,  4.50
  9.09,  1.31,  4.69,  8.81,  1.46, -2.30,  1.55,  5.54
  9.02,  1.35,  4.95,  8.52, -0.81, -1.28,  1.62,  6.56
  8.70,  1.06,  5.23,  7.69, -2.22,  0.20,  1.95,  7.48
  7.95,  0.55,  5.44,  6.79, -2.74,  1.60,  2.91,  8.45
  6.50, -0.09,  5.63,  6.12, -2.71,  2.57,  4.48,  9.37
  4.05, -0.40,  5.84,  5.75, -2.44,  3.09,  6.34,  9.87
  0.89, -0.10,  6.06,  5.33, -2.13,  3.25,  8.18,  9.51
 -2.15,  0.74,  6.34,  4.81, -1.89,  3.15,  9.73,  7.78
 -3.99,  1.37,  6.88,  4.15, -1.72,  2.90, 10.88,  4.59
 -4.11,  1.08,  7.51,  3.47, -1.57,  2.62, 11.32,  1.10
 -2.70,  0.33,  7.82,  3.02, -1.40,  2.40, 11.26, -1.52
 -0.54,  0.20,  7.97,  2.86, -1.22,  2.34, 10.85, -2.73
  1.56,  1.19,  8.10,  2.60, -1.04,  2.42, 10.57, -2.60
  3.01,  2.99,  8.13,  1.85, -0.75,  2.57, 10.45, -1.52
  3.68,  4.87,  7.76,  0.61, -0.20,  2.83, 10.25, -0.19
  3.87,  6.29,  6.68, -0.69,  0.62,  3.37, 10.17,  0.97
  3.88,  7.06,  5.08, -1.54,  1.46,  4.35, 10.10,  1.66
  3.91,  7.42,  3.33, -1.74,  2.00,  5.64,  9.95,  1.69
  4.07,  7.76,  1.60, -1.39,  2.21,  7.01,  9.49,  1.09
  4.39,  7.95,  0.05, -0.60,  2.33,  8.28,  8.82,  0.10
  4.73,  8.01, -1.11,  0.49,  2.73,  9.33,  7.59, -0.95
  4.93,  7.94, -1.73,  1.63,  3.68, 10.09,  5.52, -1.72
  4.91,  7.94, -1.84,  2.58,  5.19, 10.38,  2.54, -1.84
  4.70,  7.97, -1.53,  3.21,  6.98,  9.57, -0.70, -1.05
  4.79,  7.87, -1.01,  3.57,  8.63,  7.25, -3.31,  0.30
  5.51,  7.55, -0.61,  3.76,  9.78,  3.82, -4.49,  1.21
  6.44,  7.14, -0.53,  3.88, 10.18,  0.16, -4.00,  1.05
  6.96,  6.84, -0.65,  4.02,  9.97, -2.62, -2.14,  0.50
  7.28,  6.59, -0.80,  4.18,  9.40, -3.91,  0.35,  0.75
  7.75,  5.88, -0.90,  4.38,  8.78, -3.95,  2.62,  2.28
  8.15,  4.32, -0.88,  4.54,  8.21, -3.22,  4.03,  4.71
  7.83,  2.00, -0.51,  4.68,  7.73, -2.26,  4.60,  7.23
  6.30, -0.41,  0.25,  4.92,  7.34, -1.32,  4.72,  9.11
  3.63, -1.81,  1.02,  5.45,  6.95, -0.53,  4.78, 10.17
  0.54, -1.76,  1.36,  6.20,  6.48,  0.04,  5.00, 10.49
 -2.06, -0.37,  1.59,  6.89,  6.19,  0.42,  5.37, 10.08
 -3.50,  1.60,  2.48,  7.52,  5.94,  0.68,  5.76,  9.07
 -3.78,  3.18,  4.31,  8.05,  5.15,  0.88,  6.07,  7.63
 -3.44,  3.88,  6.60,  8.26,  3.53,  1.12,  6.39,  6.28
 -3.05,  3.84,  8.66,  7.68,  1.32,  1.56,  6.81,  5.03
 -2.72,  3.33, 10.11,  6.13, -0.77,  2.09,  7.34,  3.58
 -2.32,  2.61, 11.05,  3.95, -2.11,  2.35,  7.91,  2.18
 -1.75,  1.99, 11.47,  1.72, -2.37,  2.15,  8.42,  0.97
 -0.96,  1.74, 11.47,  0.03, -1.66,  1.78,  8.71,  0.22
 -0.10,  2.01, 11.30, -0.83, -0.38,  1.77,  8.82, -0.02
  0.71,  2.76, 10.93, -1.06,  0.94,  2.38,  8.77, -0.00
  1.41,  3.78, 10.46, -1.03,  2.05,  3.51,  8.54, -0.01
  2.04,  4.95,  9.73, -1.00,  2.89,  4.96,  8.00, -0.24
  2.59,  6.22,  8.66, -1.12,  3.47,  6.47,  7.02, -0.68
  2.97,  7.54,  7.32, -1.42,  3.80,  7.93,  5.53, -1.17
  3.05,  8.79,  5.69, -1.82,  3.84,  9.23,  3.45, -1.45
  2.88,  9.72,  3.68, -2.07,  3.60, 10.04,  1.36, -1.23
  2.82, 10.11,  1.77, -1.92,  3.15, 10.44, -0.17, -0.43
  3.27, 10.05,  0.07, -1.27,  2.83, 10.52, -0.87,  0.70
  4.29,  9.62, -1.35, -0.15,  2.94, 10.20, -0.84,  1.77
  5.63,  8.55, -2.41,  1.17,  3.67,  9.91, -0.48,  2.55
  6.89,  6.78, -3.04,  2.26,  5.10,  9.42, -0.33,  3.09
  7.95,  4.50, -3.20,  2.71,  6.84,  8.44, -0.64,  3.47
  8.76,  2.11, -2.93,  2.46,  8.36,  7.05, -1.29,  3.69
  9.15, -0.10, -2.23,  1.85,  9.35,  5.52, -1.92,  3.69
  9.25, -1.71, -0.91,  1.48,  9.82,  3.98, -2.27,  3.47
  9.31, -2.32,  0.75,  1.93, 10.00,  2.46, -2.20,  3.12
  9.24, -1.92,  2.18,  3.29,  9.89,  0.76, -1.65,  2.81
  9.18, -0.87,  3.08,  5.07,  9.18, -1.14, -0.58,  2.72
  9.12,  0.28,  3.51,  6.64,  7.55, -2.71,  0.78,  3.21
  8.95,  1.02,  3.73,  7.69,  5.18, -3.50,  1.87,  4.42
  8.71,  1.10,  3.90,  8.30,  2.52, -3.40,  2.20,  5.95
  8.14,  0.64,  4.09,  8.39,  0.10, -2.60,  1.89,  7.23
  7.59, -0.04,  4.39,  8.20, -1.75, -1.29,  1.54,  8.10
  6.90, -0.71,  4.74,  7.84, -2.82,  0.36,  1.80,  8.73
  5.56, -1.16,  5.00,  7.40, -3.10,  1.90,  2.97,  9.21
  3.45, -1.23,  5.12,  7.07, -2.85,  2.99,  4.84,  9.46
  0.66, -0.73,  5.17,  6.77, -2.36,  3.54,  6.93,  9.00
 -2.00,  0.27,  5.38,  6.30, -1.83,  3.70,  8.75,  7.32
 -3.60,  1.10,  5.94,  5.71, -1.42,  3.67, 10.13,  4.39
 -3.57,  1.13,  6.66,  5.11, -1.17,  3.65, 10.80,  0.90
 -1.98,  0.75,  7.10,  4.70, -1.02,  3.72, 10.73, -1.94
  0.42,  1.02,  7.36,  4.39, -0.87,  3.85, 10.22, -3.35
  2.54,  2.45,  7.62,  3.87, -0.69,  4.04,  9.59, -3.37
  3.90,  4.62,  7.56,  2.74, -0.38,  4.28,  9.13, -2.61
  4.54,  6.76,  6.81,  1.11,  0.20,  4.58,  8.74, -1.60
  4.79,  8.27,  5.18, -0.39,  0.95,  5.11,  8.28, -0.72
  4.97,  9.08,  2.85, -1.11,  1.58,  5.90,  7.78, -0.11
  5.19,  9.44,  0.35, -0.84,  1.93,  6.83,  7.23,  0.21
  5.47,  9.19, -1.65,  0.29,  2.33,  7.74,  6.54,  0.32
  5.72,  8.43, -2.77,  1.75,  3.29,  8.51,  5.63,  0.31
  5.94,  7.58, -3.05,  2.93,  4.97,  9.02,  4.25,  0.33
  6.20,  6.71, -2.85,  3.53,  6.99,  8.95,  2.09,  0.58
  6.59,  5.78, -2.56,  3.60,  8.80,  7.76, -0.35,  1.18
  7.18,  4.68, -2.39,  3.32, 10.25,  5.55, -2.26,  1.77
  7.93,  3.41, -2.26,  2.78, 11.22,  2.72, -3.08,  1.83
  8.43,  2.34, -2.02,  2.17, 11.49,  0.11, -2.55,  1.35
  8.68,  1.59, -1.64,  1.68, 11.52, -1.29, -1.06,  1.04
  8.73,  1.04, -1.13,  1.52, 11.33, -1.39,  0.60,  1.51
  8.67,  0.45, -0.50,  1.68, 11.00, -0.63,  1.82,  2.62
  8.35, -0.27,  0.29,  2.19, 10.87,  0.39,  2.45,  3.92
  7.60, -0.97,  1.20,  3.10, 10.53,  1.15,  2.67,  5.05
  6.60, -1.43,  2.04,  4.40, 10.18,  1.31,  2.75,  5.90
  5.44, -1.62,  2.62,  5.96,  9.71,  0.77,  2.90,  6.64
  4.12, -1.60,  2.88,  7.55,  8.73, -0.29,  3.18,  7.47
  2.62, -1.38,  2.86,  8.96,  7.22, -1.50,  3.50,  8.28
  1.09, -0.88,  2.74,  9.94,  5.15, -2.40,  3.62,  8.94
 -0.10, -0.08,  2.85, 10.38,  2.79, -2.64,  3.33,  9.35
 -0.63,  0.88,  3.43, 10.41,  0.52, -2.08,  2.81,  9.59
 -0.44,  1.74,  4.47,  9.97, -1.46, -0.77,  2.56,  9.60
  0.07,  2.35,  5.74,  8.76, -2.84,  0.93,  3.10,  9.41
  0.33,  2.78,  6.88,  7.00, -3.52,  2.35,  4.54,  9.06
  0.02,  3.13,  7.83,  4.73, -3.62,  2.98,  6.43,  8.43
 -0.75,  3.42,  8.51,  2.34, -3.33,  2.75,  8.08,  7.32
 -1.56,  3.55,  8.97,  0.05, -2.58,  2.04,  9.20,  5.86
 -2.08,  3.42,  9.20, -1.68, -1.21,  1.50,  9.76,  4.33
 -2.17,  3.12,  9.26, -2.40,  0.54,  1.82,  9.93,  2.87
 -1.74,  2.86,  9.20, -2.08,  2.08,  3.12,  9.76,  1.17
 -0.73,  2.80,  9.13, -1.10,  3.07,  4.91,  9.23, -0.71
  0.66,  3.27,  9.05,  0.00,  3.57,  6.59,  7.86, -2.37
  1.85,  4.42,  8.90,  0.75,  3.82,  7.79,  5.49, -3.30
  2.29,  5.92,  8.51,  0.91,  4.01,  8.47,  2.82, -3.37
  2.05,  7.30,  7.99,  0.54,  4.26,  8.65,  0.33, -2.67
  1.68,  8.31,  7.48, -0.10,  4.59,  8.45, -1.61, -1.37
  1.86,  9.00,  6.64, -0.74,  4.91,  8.06, -2.77,  0.26
  2.97,  9.48,  5.25, -1.17,  5.13,  7.64, -3.17,  1.81
  4.83,  9.69,  3.08, -1.18,  5.24,  7.25, -3.03,  2.93
  6.92,  9.15,  0.34, -0.62,  5.30,  6.79, -2.63,  3.51
  8.70,  7.24, -2.22,  0.39,  5.56,  6.28, -2.16,  3.66
 10.02,  4.18, -3.67,  1.16,  6.19,  5.60, -1.77,  3.59
 10.73,  0.87, -3.62,  1.10,  6.92,  4.86, -1.55,  3.44
 10.72, -1.82, -2.15,  0.65,  7.38,  4.26, -1.43,  3.35
 10.44, -3.24,  0.02,  0.79,  7.67,  3.78, -1.31,  3.34
 10.05, -3.25,  2.15,  2.05,  7.98,  3.11, -1.14,  3.35
  9.61, -2.29,  3.57,  4.11,  7.99,  1.93, -0.79,  3.42
  9.29, -1.01,  4.23,  6.18,  7.33,  0.32, -0.13,  3.63
  9.04,  0.12,  4.46,  7.65,  5.83, -1.16,  0.74,  4.15
  8.87,  0.86,  4.58,  8.33,  3.61, -1.89,  1.47,  5.08
  8.69,  1.13,  4.78,  8.49,  1.36, -1.71,  1.80,  6.17
  8.47,  0.99,  5.10,  8.27, -0.56, -0.81,  1.95,  7.23
  7.94,  0.59,  5.40,  7.79, -1.88,  0.49,  2.38,  8.20
  6.93,  0.07,  5.63,  7.10, -2.51,  1.77,  3.42,  9.10
  4.99, -0.34,  5.84,  6.70, -2.60,  2.71,  5.04,  9.81
  2.13, -0.28,  5.99,  6.26, -2.40,  3.23,  6.95,  9.85
 -0.95,  0.41,  6.25,  5.72, -2.13,  3.36,  8.70,  8.73
 -3.27,  1.24,  6.74,  4.98, -1.95,  3.22, 10.16,  6.14
 -4.13,  1.37,  7.37,  4.11, -1.83,  2.94, 11.07,  2.72
 -3.42,  0.73,  7.81,  3.38, -1.71,  2.62, 11.28, -0.53
 -1.54,  0.19,  7.95,  3.04, -1.55,  2.42, 11.07, -2.49
  0.76,  0.68,  8.03,  2.82, -1.38,  2.32, 10.82, -2.96
  2.63,  2.26,  8.07,  2.22, -1.15,  2.36, 10.49, -2.18
  3.63,  4.22,  7.75,  1.09, -0.70,  2.44, 10.18, -0.75
  3.95,  5.84,  7.03, -0.29,  0.07,  2.76,  9.99,  0.72
  3.93,  6.80,  5.72, -1.40,  1.00,  3.49,  9.89,  1.84
  3.85,  7.16,  4.09, -1.87,  1.75,  4.65,  9.83,  2.32
  3.87,  7.30,  2.43, -1.71,  2.13,  6.03,  9.92,  2.06
  4.04,  7.45,  0.94, -1.10,  2.27,  7.41,  9.75,  1.13
  4.37,  7.47, -0.25, -0.22,  2.47,  8.65,  9.07, -0.16
  4.77,  7.46, -1.11,  0.79,  2.99,  9.77,  7.55, -1.38
  4.95,  7.59, -1.60,  1.77,  4.03, 10.55,  5.05, -2.17
  4.78,  7.81, -1.67,  2.58,  5.52, 10.59,  1.71, -2.11
  4.45,  7.91, -1.33,  3.13,  7.24,  9.50, -1.70, -1.04
  4.65,  7.81, -0.80,  3.46,  8.81,  6.83, -4.18,  0.49
  5.56,  7.34, -0.42,  3.66,  9.77,  3.18, -5.06,  1.27
  6.42,  6.98, -0.34,  3.83, 10.01, -0.47, -4.32,  0.87
  6.81,  6.86, -0.42,  4.00,  9.66, -3.17, -2.40,  0.14
  7.00,  6.77, -0.52,  4.21,  8.84, -4.45,  0.24,  0.30
  7.36,  6.34, -0.58,  4.44,  8.02, -4.39,  2.60,  1.87
  7.79,  5.05, -0.57,  4.71,  7.28, -3.56,  4.00,  4.34
  7.63,  2.93, -0.28,  4.94,  6.65, -2.58,  4.49,  6.88
  6.59,  0.57,  0.37,  5.24,  6.24, -1.70,  4.52,  8.82
  4.42, -1.16,  1.13,  5.75,  5.85, -0.98,  4.48,  9.99
  1.63, -1.64,  1.57,  6.46,  5.36, -0.45,  4.62, 10.61
 -1.03, -0.80,  1.74,  7.16,  4.87, -0.09,  4.89, 10.55
 -2.78,  0.91,  2.31,  7.73,  4.42,  0.18,  5.22,  9.85
 -3.41,  2.63,  3.75,  8.12,  3.68,  0.43,  5.60,  8.74
 -3.27,  3.71,  5.81,  8.10,  2.36,  0.79,  6.01,  7.61
 -2.91,  4.04,  7.87,  7.28,  0.64,  1.34,  6.54,  6.26
 -2.68,  3.83,  9.50,  5.55, -0.96,  1.91,  7.20,  4.91
 -2.51,  3.25, 10.61,  3.23, -1.83,  2.19,  7.96,  3.40
 -2.18,  2.56, 11.12,  1.03, -1.74,  2.10,  8.52,  1.99
 -1.61,  2.04, 11.23, -0.39, -0.84,  1.99,  8.81,  0.85
 -0.82,  1.92, 11.00, -0.83,  0.39,  2.32,  8.88,  0.05
  0.10,  2.21, 10.77, -0.58,  1.48,  3.18,  8.69, -0.54
  1.07,  3.00, 10.55, -0.13,  2.25,  4.32,  8.09, -1.01
  1.95,  4.28, 10.10,  0.12,  2.75,  5.47,  7.19, -1.38
  2.59,  5.80,  9.42, -0.13,  3.14,  6.56,  5.92, -1.61
  2.89,  7.35,  8.39, -0.77,  3.48,  7.63,  4.34, -1.69
  2.88,  8.75,  6.89, -1.58,  3.68,  8.55,  2.53, -1.51
  2.72,  9.74,  4.92, -2.22,  3.62,  9.22,  0.78, -0.97
  2.79, 10.26,  2.75, -2.35,  3.30,  9.56, -0.50, -0.04
  3.43, 10.34,  0.54, -1.80,  2.87,  9.71, -0.97,  1.04
  4.58,  9.81, -1.38, -0.58,  2.73,  9.71, -0.69,  1.97
  5.91,  8.55, -2.83,  0.93,  3.31,  9.56, -0.11,  2.60
  7.12,  6.60, -3.62,  2.16,  4.68,  9.15,  0.22,  3.02
  8.11,  4.22, -3.79,  2.64,  6.41,  8.51, -0.01,  3.34
  8.75,  1.69, -3.49,  2.30,  7.94,  7.61, -0.69,  3.59
  9.05, -0.64, -2.60,  1.50,  8.90,  6.45, -1.47,  3.72
  9.06, -2.27, -1.00,  1.02,  9.29,  5.25, -2.05,  3.70
  9.03, -2.87,  0.91,  1.55,  9.39,  3.95, -2.29,  3.51
  8.90, -2.45,  2.52,  3.11,  9.42,  2.23, -2.09,  3.23
  8.90, -1.38,  3.48,  5.15,  8.98,  0.08, -1.32,  3.00
  8.85, -0.16,  3.93,  6.94,  7.56, -2.01, -0.07,  3.08
